nonzero,polish,polish,base,base,full_mean,full_std
,mean,std,mean,std,,
1,0.7495067228758683,0.016208959350374058,0.7491709924592169,0.01685702476100395,0.9593581581784069,0.0069936052636922945
5,0.9556635445920914,0.010086713149040851,0.9556267607152495,0.009742744600077862,0.9593581581784069,0.0069936052636922945
