nonzero,polish,polish,base,base,full_mean,full_std
,mean,std,mean,std,,
1,0.9950762096030893,0.008284582293094134,0.9941312703540927,0.009031800148434405,1.0,7.021666937153402e-17
2,0.9945852479902957,0.009302038954452928,0.9936006975747342,0.010576744186016227,1.0,7.021666937153402e-17
3,1.0,,1.0,,1.0,7.021666937153402e-17
4,1.0,3.347448369359225e-17,1.0,3.347448369359225e-17,1.0,7.021666937153402e-17
12,1.0,0.0,1.0,0.0,1.0,7.021666937153402e-17
