nonzero,polish,polish,base,base,full_mean,full_std
,mean,std,mean,std,,
1,0.7447805336956101,0.013612521640614217,0.7443691235178096,0.01347015142001668,0.9556694997748594,0.007693258599735126
5,0.9548993399777274,0.0073120687553385666,0.9546177087985789,0.007413614348269242,0.9556694997748594,0.007693258599735126
